id,score
0000aaaa,2.401324730336841
2222bbbb,2.403194102671344
4444cccc,2.403220687210763
