id,score
0000aaaa,2.4744813901591156
2222bbbb,2.4776396999264794
4444cccc,2.4776396999264794
